,UniqueCarrier,Month,CancellationCode,Cancelled,TotalFlights,CancelRate
0,9E,1,Carrier,750,262208,0.286032463
1,9E,1,Weather,311,262208,0.118608128
2,9E,1,NAS,72,262208,0.027459116
3,9E,2,Carrier,678,262208,0.258573346
4,9E,2,Weather,490,262208,0.186874542
5,9E,2,NAS,118,262208,0.045002441
6,9E,3,Carrier,772,262208,0.294422748
7,9E,3,Weather,221,262208,0.084284232
8,9E,3,NAS,171,262208,0.065215402
9,9E,4,Carrier,391,262208,0.149118257
10,9E,4,Weather,59,262208,0.02250122
11,9E,4,NAS,64,262208,0.024408103
12,9E,5,Carrier,136,262208,0.05186722
13,9E,5,Weather,46,262208,0.017543324
14,9E,5,NAS,14,262208,0.005339273
15,9E,5,Security,1,262208,0.000381377
16,9E,6,Carrier,195,262208,0.07436844
17,9E,6,Weather,65,262208,0.02478948
18,9E,6,NAS,87,262208,0.033179766
19,9E,7,Carrier,163,262208,0.062164389
20,9E,7,Weather,25,262208,0.009534415
21,9E,7,NAS,99,262208,0.037756285
22,9E,8,Carrier,113,262208,0.043095558
23,9E,8,Weather,44,262208,0.016780571
24,9E,8,NAS,19,262208,0.007246156
25,9E,9,Carrier,110,262208,0.041951428
26,9E,9,Weather,110,262208,0.041951428
27,9E,9,NAS,43,262208,0.016399195
28,9E,10,Carrier,128,262208,0.048816207
29,9E,10,Weather,8,262208,0.003051013
30,9E,10,NAS,7,262208,0.002669636
31,9E,11,Carrier,220,262208,0.083902856
32,9E,11,Weather,50,262208,0.019068831
33,9E,11,NAS,12,262208,0.004576519
34,9E,12,Carrier,673,262208,0.256666463
35,9E,12,Weather,503,262208,0.191832438
36,9E,12,NAS,132,262208,0.050341713
37,AA,1,Carrier,814,604885,0.134571034
38,AA,1,Weather,342,604885,0.056539673
39,AA,1,NAS,501,604885,0.082825661
40,AA,2,Carrier,735,604885,0.1215107
41,AA,2,Weather,1113,604885,0.184001918
42,AA,2,NAS,453,604885,0.074890268
43,AA,3,Carrier,989,604885,0.163502153
44,AA,3,Weather,1688,604885,0.279061309
45,AA,3,NAS,231,604885,0.038189077
46,AA,4,Carrier,3696,604885,0.611025236
47,AA,4,Weather,131,604885,0.021657009
48,AA,4,NAS,91,604885,0.015044182
49,AA,5,Carrier,593,604885,0.098035164
50,AA,5,Weather,406,604885,0.067120196
51,AA,5,NAS,118,604885,0.01950784
52,AA,5,Security,2,604885,0.000330641
53,AA,6,Carrier,354,604885,0.058523521
54,AA,6,Weather,467,604885,0.077204758
55,AA,6,NAS,202,604885,0.033394778
56,AA,7,Carrier,492,604885,0.081337775
57,AA,7,Weather,176,604885,0.02909644
58,AA,7,NAS,151,604885,0.024963423
59,AA,8,Carrier,707,604885,0.116881721
60,AA,8,Weather,334,604885,0.055217107
61,AA,8,NAS,167,604885,0.027608554
62,AA,9,Carrier,331,604885,0.054721145
63,AA,9,Weather,287,604885,0.047447035
64,AA,9,NAS,86,604885,0.014217579
65,AA,10,Carrier,239,604885,0.039511643
66,AA,10,Weather,10,604885,0.001653207
67,AA,10,NAS,72,604885,0.011903089
68,AA,11,Carrier,262,604885,0.043314018
69,AA,11,Weather,92,604885,0.015209503
70,AA,11,NAS,50,604885,0.008266034
71,AA,12,Carrier,397,604885,0.06563231
72,AA,12,Weather,449,604885,0.074228986
73,AA,12,NAS,212,604885,0.035047984
74,AQ,1,Carrier,25,7800,0.320512821
75,AQ,2,Carrier,17,7800,0.217948718
76,AS,1,Carrier,239,151102,0.158171302
77,AS,1,Weather,96,151102,0.063533242
78,AS,1,NAS,20,151102,0.013236092
79,AS,2,Carrier,131,151102,0.086696404
80,AS,2,Weather,63,151102,0.04169369
81,AS,2,NAS,12,151102,0.007941655
82,AS,3,Carrier,70,151102,0.046326323
83,AS,3,Weather,11,151102,0.007279851
84,AS,3,NAS,4,151102,0.002647218
85,AS,4,Carrier,135,151102,0.089343622
86,AS,4,Weather,23,151102,0.015221506
87,AS,5,Carrier,121,151102,0.080078358
88,AS,5,Weather,6,151102,0.003970828
89,AS,6,Carrier,83,151102,0.054929783
90,AS,6,Weather,21,151102,0.013897897
91,AS,7,Carrier,73,151102,0.048311736
92,AS,7,Weather,17,151102,0.011250678
93,AS,7,NAS,8,151102,0.005294437
94,AS,8,Carrier,112,151102,0.074122116
95,AS,8,Weather,42,151102,0.027795794
96,AS,9,Carrier,46,151102,0.030443012
97,AS,9,Weather,21,151102,0.013897897
98,AS,10,Carrier,65,151102,0.0430173
99,AS,10,Weather,26,151102,0.01720692
100,AS,10,NAS,2,151102,0.001323609
101,AS,11,Carrier,49,151102,0.032428426
102,AS,11,Weather,12,151102,0.007941655
103,AS,11,NAS,4,151102,0.002647218
104,AS,12,Carrier,98,151102,0.064856852
105,AS,12,Weather,527,151102,0.348771029
106,AS,12,NAS,2,151102,0.001323609
107,B6,1,Carrier,211,196091,0.107603103
108,B6,2,Carrier,29,196091,0.014789052
109,B6,2,Weather,336,196091,0.171349017
110,B6,3,Carrier,64,196091,0.032637908
111,B6,3,Weather,109,196091,0.055586437
112,B6,3,NAS,26,196091,0.01325915
113,B6,4,Carrier,43,196091,0.021928594
114,B6,4,Weather,55,196091,0.028048202
115,B6,4,NAS,29,196091,0.014789052
116,B6,5,Carrier,12,196091,0.006119608
117,B6,5,Weather,13,196091,0.006629575
118,B6,5,NAS,2,196091,0.001019935
119,B6,6,Carrier,50,196091,0.025498366
120,B6,6,Weather,292,196091,0.148910455
121,B6,6,NAS,21,196091,0.010709314
122,B6,7,Carrier,103,196091,0.052526633
123,B6,7,Weather,441,196091,0.224895584
124,B6,7,NAS,9,196091,0.004589706
125,B6,8,Carrier,53,196091,0.027028267
126,B6,8,Weather,502,196091,0.25600359
127,B6,8,NAS,2,196091,0.001019935
128,B6,9,Carrier,10,196091,0.005099673
129,B6,9,Weather,146,196091,0.074455227
130,B6,10,Carrier,13,196091,0.006629575
131,B6,10,Weather,39,196091,0.019888725
132,B6,11,Carrier,20,196091,0.010199346
133,B6,11,Weather,90,196091,0.045897058
134,B6,12,Carrier,57,196091,0.029068137
135,B6,12,Weather,422,196091,0.215206205
136,B6,12,NAS,6,196091,0.003059804
137,CO,1,Carrier,31,298455,0.010386825
138,CO,1,Weather,158,298455,0.052939304
139,CO,1,NAS,4,298455,0.001340236
140,CO,2,Carrier,54,298455,0.01809318
141,CO,2,Weather,356,298455,0.119280964
142,CO,2,NAS,1,298455,0.000335059
143,CO,3,Carrier,94,298455,0.031495535
144,CO,3,Weather,285,298455,0.095491783
145,CO,3,NAS,14,298455,0.004690824
146,CO,4,Carrier,50,298455,0.016752944
147,CO,4,Weather,33,298455,0.011056943
148,CO,4,NAS,4,298455,0.001340236
149,CO,5,Carrier,40,298455,0.013402355
150,CO,5,Weather,34,298455,0.011392002
151,CO,5,NAS,6,298455,0.002010353
152,CO,6,Carrier,108,298455,0.03618636
153,CO,6,Weather,108,298455,0.03618636
154,CO,6,NAS,4,298455,0.001340236
155,CO,7,Carrier,139,298455,0.046573185
156,CO,7,Weather,137,298455,0.045903067
157,CO,7,NAS,21,298455,0.007036237
158,CO,8,Carrier,57,298455,0.019098357
159,CO,8,Weather,130,298455,0.043557655
160,CO,8,NAS,6,298455,0.002010353
161,CO,9,Carrier,44,298455,0.014742591
162,CO,9,Weather,1259,298455,0.421839138
163,CO,9,NAS,1,298455,0.000335059
164,CO,10,Carrier,28,298455,0.009381649
165,CO,10,Weather,26,298455,0.008711531
166,CO,10,NAS,6,298455,0.002010353
167,CO,11,Carrier,16,298455,0.005360942
168,CO,11,Weather,8,298455,0.002680471
169,CO,11,NAS,4,298455,0.001340236
170,CO,12,Carrier,85,298455,0.028480005
171,CO,12,Weather,344,298455,0.115260257
172,CO,12,NAS,7,298455,0.002345412
173,DL,1,Carrier,296,451931,0.065496724
174,DL,1,Weather,850,451931,0.188081809
175,DL,1,NAS,53,451931,0.011727454
176,DL,2,Carrier,187,451931,0.041377998
177,DL,2,Weather,323,451931,0.071471087
178,DL,2,NAS,168,451931,0.037173816
179,DL,3,Carrier,516,451931,0.114176722
180,DL,3,Weather,202,451931,0.044697089
181,DL,3,NAS,137,451931,0.030314362
182,DL,4,Carrier,226,451931,0.050007634
183,DL,4,Weather,31,451931,0.006859454
184,DL,4,NAS,62,451931,0.013718908
185,DL,5,Carrier,76,451931,0.016816726
186,DL,5,Weather,7,451931,0.001548909
187,DL,5,NAS,73,451931,0.016152908
188,DL,6,Carrier,303,451931,0.067045633
189,DL,6,Weather,51,451931,0.011284909
190,DL,6,NAS,125,451931,0.02765909
191,DL,7,Carrier,459,451931,0.101564177
192,DL,7,Weather,281,451931,0.062177633
193,DL,7,NAS,165,451931,0.036509998
194,DL,8,Carrier,262,451931,0.057973452
195,DL,8,Weather,120,451931,0.026552726
196,DL,8,NAS,215,451931,0.047573634
197,DL,9,Carrier,157,451931,0.034739816
198,DL,9,Weather,153,451931,0.033854726
199,DL,9,NAS,108,451931,0.023897453
200,DL,10,Carrier,176,451931,0.038943998
201,DL,10,Weather,14,451931,0.003097818
202,DL,10,NAS,37,451931,0.008187091
203,DL,11,Carrier,196,451931,0.043369452
204,DL,11,Weather,10,451931,0.002212727
205,DL,11,NAS,94,451931,0.020799635
206,DL,12,Carrier,259,451931,0.057309634
207,DL,12,Weather,241,451931,0.053326725
208,DL,12,NAS,180,451931,0.039829089
209,EV,1,Carrier,134,280575,0.047759066
210,EV,1,Weather,989,280575,0.352490421
211,EV,1,NAS,5,280575,0.001782055
212,EV,2,Carrier,199,280575,0.070925777
213,EV,2,Weather,352,280575,0.125456652
214,EV,2,NAS,58,280575,0.020671835
215,EV,2,Security,2,280575,0.000712822
216,EV,3,Carrier,198,280575,0.070569366
217,EV,3,Weather,166,280575,0.059164216
218,EV,3,NAS,123,280575,0.043838546
219,EV,4,Carrier,29,280575,0.010335917
220,EV,4,Weather,17,280575,0.006058986
221,EV,4,NAS,74,280575,0.02637441
222,EV,5,Carrier,52,280575,0.018533369
223,EV,5,NAS,5,280575,0.001782055
224,EV,6,Carrier,106,280575,0.03777956
225,EV,6,Weather,5,280575,0.001782055
226,EV,6,NAS,37,280575,0.013187205
227,EV,7,Carrier,141,280575,0.050253943
228,EV,7,Weather,59,280575,0.021028246
229,EV,7,NAS,504,280575,0.179631115
230,EV,8,Carrier,191,280575,0.06807449
231,EV,8,Weather,132,280575,0.047046244
232,EV,8,NAS,204,280575,0.072707832
233,EV,9,Carrier,28,280575,0.009979506
234,EV,9,Weather,174,280575,0.062015504
235,EV,9,NAS,17,280575,0.006058986
236,EV,10,Carrier,40,280575,0.014256438
237,EV,10,Weather,19,280575,0.006771808
238,EV,10,NAS,21,280575,0.00748463
239,EV,11,Carrier,64,280575,0.0228103
240,EV,11,Weather,33,280575,0.011761561
241,EV,11,NAS,60,280575,0.021384657
242,EV,12,Carrier,202,280575,0.07199501
243,EV,12,Weather,337,280575,0.120110487
244,EV,12,NAS,249,280575,0.088746325
245,F9,1,Carrier,3,95762,0.003132767
246,F9,1,Weather,11,95762,0.011486811
247,F9,2,Carrier,3,95762,0.003132767
248,F9,2,Weather,38,95762,0.039681711
249,F9,3,Carrier,6,95762,0.006265533
250,F9,3,Weather,30,95762,0.031327667
251,F9,4,Carrier,7,95762,0.007309789
252,F9,5,Carrier,7,95762,0.007309789
253,F9,5,Weather,2,95762,0.002088511
254,F9,6,Carrier,15,95762,0.015663833
255,F9,6,Weather,5,95762,0.005221278
256,F9,7,Carrier,13,95762,0.013575322
257,F9,7,Weather,4,95762,0.004177022
258,F9,8,Carrier,5,95762,0.005221278
259,F9,8,Weather,19,95762,0.019840855
260,F9,9,Carrier,9,95762,0.0093983
261,F9,9,Weather,24,95762,0.025062133
262,F9,10,Carrier,14,95762,0.014619578
263,F9,11,Carrier,12,95762,0.012531067
264,F9,11,Weather,5,95762,0.005221278
265,F9,12,Carrier,15,95762,0.015663833
266,F9,12,Weather,54,95762,0.0563898
267,F9,12,NAS,2,95762,0.002088511
268,FL,1,Carrier,52,261684,0.019871295
269,FL,1,Weather,165,261684,0.063053148
270,FL,1,NAS,21,261684,0.008024946
271,FL,2,Carrier,72,261684,0.027514101
272,FL,2,Weather,192,261684,0.073370936
273,FL,2,NAS,31,261684,0.011846349
274,FL,3,Carrier,74,261684,0.028278382
275,FL,3,Weather,120,261684,0.045856835
276,FL,3,NAS,47,261684,0.017960594
277,FL,4,Carrier,81,261684,0.030953364
278,FL,4,Weather,8,261684,0.003057122
279,FL,4,NAS,40,261684,0.015285612
280,FL,5,Carrier,70,261684,0.02674982
281,FL,5,Weather,12,261684,0.004585683
282,FL,5,NAS,28,261684,0.010699928
283,FL,6,Carrier,79,261684,0.030189083
284,FL,6,Weather,18,261684,0.006878525
285,FL,6,NAS,59,261684,0.022546277
286,FL,7,Carrier,173,261684,0.06611027
287,FL,7,Weather,76,261684,0.029042662
288,FL,7,NAS,36,261684,0.01375705
289,FL,8,Carrier,67,261684,0.0256034
290,FL,8,Weather,65,261684,0.024839119
291,FL,8,NAS,42,261684,0.016049892
292,FL,9,Carrier,46,261684,0.017578453
293,FL,9,Weather,91,261684,0.034774767
294,FL,9,NAS,30,261684,0.011464209
295,FL,10,Carrier,22,261684,0.008407086
296,FL,10,Weather,4,261684,0.001528561
297,FL,10,NAS,39,261684,0.014903471
298,FL,11,Carrier,37,261684,0.014139191
299,FL,11,Weather,16,261684,0.006114245
300,FL,11,NAS,31,261684,0.011846349
301,FL,12,Carrier,42,261684,0.016049892
302,FL,12,Weather,209,261684,0.079867321
303,FL,12,NAS,41,261684,0.015667752
304,HA,1,Carrier,36,61826,0.05822793
305,HA,2,Carrier,11,61826,0.017791867
306,HA,3,Carrier,36,61826,0.05822793
307,HA,4,Carrier,29,61826,0.046905832
308,HA,5,Carrier,15,61826,0.024261637
309,HA,6,Carrier,17,61826,0.027496522
310,HA,7,Carrier,151,61826,0.244233817
311,HA,8,Carrier,47,61826,0.076019797
312,HA,9,Carrier,11,61826,0.017791867
313,HA,10,Carrier,26,61826,0.042053505
314,HA,10,Weather,1,61826,0.001617442
315,HA,11,Carrier,60,61826,0.09704655
316,HA,12,Carrier,124,61826,0.20056287
317,HA,12,Weather,6,61826,0.009704655
318,MQ,1,Carrier,459,490693,0.093541175
319,MQ,1,Weather,998,490693,0.203385824
320,MQ,1,NAS,990,490693,0.201755476
321,MQ,2,Carrier,470,490693,0.095782903
322,MQ,2,Weather,1530,490693,0.311803918
323,MQ,2,NAS,1025,490693,0.208888246
324,MQ,3,Carrier,389,490693,0.079275637
325,MQ,3,Weather,1612,490693,0.328514978
326,MQ,3,NAS,476,490693,0.097005663
327,MQ,3,Security,4,490693,0.000815174
328,MQ,4,Carrier,283,490693,0.057673535
329,MQ,4,Weather,350,490693,0.071327694
330,MQ,4,NAS,374,490693,0.076218736
331,MQ,5,Carrier,330,490693,0.067251825
332,MQ,5,Weather,461,490693,0.093948762
333,MQ,5,NAS,410,490693,0.083555298
334,MQ,6,Carrier,349,490693,0.0711239
335,MQ,6,Weather,854,490693,0.174039573
336,MQ,6,NAS,662,490693,0.134911238
337,MQ,7,Carrier,353,490693,0.071939074
338,MQ,7,Weather,214,490693,0.04361179
339,MQ,7,NAS,560,490693,0.11412431
340,MQ,8,Carrier,264,490693,0.05380146
341,MQ,8,Weather,341,490693,0.069493553
342,MQ,8,NAS,562,490693,0.114531897
343,MQ,9,Carrier,223,490693,0.045445931
344,MQ,9,Weather,465,490693,0.094763936
345,MQ,9,NAS,296,490693,0.06032285
346,MQ,10,Carrier,115,490693,0.023436242
347,MQ,10,Weather,73,490693,0.014876919
348,MQ,10,NAS,107,490693,0.021805895
349,MQ,11,Carrier,102,490693,0.020786928
350,MQ,11,Weather,96,490693,0.019564167
351,MQ,11,NAS,172,490693,0.035052467
352,MQ,12,Carrier,307,490693,0.062564577
353,MQ,12,Weather,1414,490693,0.288163883
354,MQ,12,NAS,641,490693,0.130631576
355,NW,1,Carrier,75,347652,0.021573297
356,NW,1,Weather,127,347652,0.036530784
357,NW,1,NAS,77,347652,0.022148585
358,NW,2,Carrier,133,347652,0.038256647
359,NW,2,Weather,236,347652,0.067883976
360,NW,2,NAS,182,347652,0.052351202
361,NW,3,Carrier,173,347652,0.049762406
362,NW,3,Weather,98,347652,0.028189109
363,NW,3,NAS,97,347652,0.027901465
364,NW,4,Carrier,122,347652,0.035092564
365,NW,4,Weather,36,347652,0.010355183
366,NW,4,NAS,51,347652,0.014669842
367,NW,5,Carrier,80,347652,0.023011517
368,NW,5,Weather,13,347652,0.003739372
369,NW,5,NAS,31,347652,0.008916963
370,NW,6,Carrier,225,347652,0.064719892
371,NW,6,Weather,47,347652,0.013519266
372,NW,6,NAS,145,347652,0.041708375
373,NW,7,Carrier,80,347652,0.023011517
374,NW,7,Weather,37,347652,0.010642827
375,NW,7,NAS,85,347652,0.024449737
376,NW,8,Carrier,61,347652,0.017546282
377,NW,8,Weather,22,347652,0.006328167
378,NW,8,NAS,56,347652,0.016108062
379,NW,9,Carrier,34,347652,0.009779895
380,NW,9,Weather,32,347652,0.009204607
381,NW,9,NAS,56,347652,0.016108062
382,NW,10,Carrier,29,347652,0.008341675
383,NW,10,NAS,12,347652,0.003451728
384,NW,11,Carrier,33,347652,0.009492251
385,NW,11,Weather,7,347652,0.002013508
386,NW,11,NAS,11,347652,0.003164084
387,NW,12,Carrier,74,347652,0.021285653
388,NW,12,Weather,246,347652,0.070760416
389,NW,12,NAS,83,347652,0.023874449
390,OH,1,Carrier,183,197607,0.092608055
391,OH,1,Weather,318,197607,0.160925473
392,OH,2,Carrier,124,197607,0.062750813
393,OH,2,Weather,940,197607,0.475691651
394,OH,2,NAS,7,197607,0.003542385
395,OH,3,Carrier,189,197607,0.095644385
396,OH,3,Weather,586,197607,0.296548199
397,OH,3,NAS,3,197607,0.001518165
398,OH,4,Carrier,76,197607,0.038460176
399,OH,4,Weather,176,197607,0.089065671
400,OH,4,NAS,16,197607,0.008096879
401,OH,5,Carrier,34,197607,0.017205868
402,OH,5,Weather,156,197607,0.078944572
403,OH,6,Carrier,117,197607,0.059208429
404,OH,6,Weather,512,197607,0.259100133
405,OH,6,NAS,4,197607,0.00202422
406,OH,7,Carrier,203,197607,0.102729154
407,OH,7,Weather,605,197607,0.306163243
408,OH,7,NAS,6,197607,0.00303633
409,OH,8,Carrier,136,197607,0.068823473
410,OH,8,Weather,656,197607,0.331972046
411,OH,8,NAS,8,197607,0.00404844
412,OH,9,Carrier,37,197607,0.018724033
413,OH,9,Weather,285,197607,0.14422566
414,OH,9,NAS,11,197607,0.005566604
415,OH,10,Carrier,6,197607,0.00303633
416,OH,10,Weather,47,197607,0.023784583
417,OH,11,Carrier,22,197607,0.011133209
418,OH,11,Weather,134,197607,0.067811363
419,OH,11,NAS,2,197607,0.00101211
420,OH,12,Carrier,201,197607,0.101717044
421,OH,12,Weather,601,197607,0.304139023
422,OH,12,NAS,61,197607,0.030869352
423,OO,1,Carrier,449,567159,0.079166512
424,OO,1,Weather,857,567159,0.151104011
425,OO,1,NAS,1258,567159,0.221807289
426,OO,2,Carrier,351,567159,0.061887407
427,OO,2,Weather,789,567159,0.139114428
428,OO,2,NAS,980,567159,0.172791052
429,OO,3,Carrier,372,567159,0.065590073
430,OO,3,Weather,522,567159,0.092037683
431,OO,3,NAS,488,567159,0.086042891
432,OO,4,Carrier,298,567159,0.052542585
433,OO,4,Weather,229,567159,0.040376684
434,OO,4,NAS,180,567159,0.031737132
435,OO,5,Carrier,153,567159,0.026976562
436,OO,5,Weather,103,567159,0.018160692
437,OO,5,NAS,189,567159,0.033323989
438,OO,6,Carrier,262,567159,0.046195159
439,OO,6,Weather,263,567159,0.046371476
440,OO,6,NAS,433,567159,0.076345434
441,OO,7,Carrier,375,567159,0.066119025
442,OO,7,Weather,94,567159,0.016573836
443,OO,7,NAS,183,567159,0.032266084
444,OO,8,Carrier,154,567159,0.02715288
445,OO,8,Weather,138,567159,0.024331801
446,OO,8,NAS,89,567159,0.015692249
447,OO,9,Carrier,136,567159,0.023979166
448,OO,9,Weather,142,567159,0.025037071
449,OO,9,NAS,125,567159,0.022039675
450,OO,9,Security,1,567159,0.000176317
451,OO,10,Carrier,112,567159,0.019747549
452,OO,10,Weather,139,567159,0.024508119
453,OO,10,NAS,43,567159,0.007581648
454,OO,11,Carrier,116,567159,0.020452818
455,OO,11,Weather,218,567159,0.038437193
456,OO,11,NAS,126,567159,0.022215992
457,OO,12,Carrier,384,567159,0.067705881
458,OO,12,Weather,1254,567159,0.221102019
459,OO,12,NAS,431,567159,0.075992799
460,UA,1,Carrier,923,449515,0.205332414
461,UA,1,Weather,366,449515,0.081421087
462,UA,1,NAS,192,449515,0.042712701
463,UA,2,Carrier,493,449515,0.109673759
464,UA,2,Weather,741,449515,0.164844332
465,UA,2,NAS,285,449515,0.063401666
466,UA,3,Carrier,591,449515,0.131475034
467,UA,3,Weather,272,449515,0.06050966
468,UA,3,NAS,71,449515,0.015794801
469,UA,4,Carrier,494,449515,0.109896221
470,UA,4,Weather,138,449515,0.030699754
471,UA,4,NAS,50,449515,0.011123099
472,UA,5,Carrier,539,449515,0.119907011
473,UA,5,Weather,57,449515,0.012680333
474,UA,5,NAS,122,449515,0.027140362
475,UA,6,Carrier,777,449515,0.172852964
476,UA,6,Weather,260,449515,0.057840117
477,UA,6,NAS,167,449515,0.037151152
478,UA,7,Carrier,1104,449515,0.245598033
479,UA,7,Weather,158,449515,0.035148994
480,UA,7,NAS,66,449515,0.014682491
481,UA,8,Carrier,589,449515,0.13103011
482,UA,8,Weather,189,449515,0.042045316
483,UA,8,NAS,66,449515,0.014682491
484,UA,9,Carrier,185,449515,0.041155468
485,UA,9,Weather,115,449515,0.025583128
486,UA,9,NAS,39,449515,0.008676017
487,UA,10,Carrier,196,449515,0.043602549
488,UA,10,Weather,19,449515,0.004226778
489,UA,10,NAS,23,449515,0.005116626
490,UA,11,Carrier,199,449515,0.044269935
491,UA,11,Weather,27,449515,0.006006474
492,UA,11,NAS,28,449515,0.006228936
493,UA,12,Carrier,262,449515,0.058285041
494,UA,12,Weather,645,449515,0.143487981
495,UA,12,NAS,93,449515,0.020688965
496,US,1,Carrier,368,453589,0.081130715
497,US,1,Weather,156,453589,0.034392368
498,US,1,NAS,142,453589,0.031305874
499,US,2,Carrier,315,453589,0.069446129
500,US,2,Weather,210,453589,0.046297419
501,US,2,NAS,194,453589,0.042769997
502,US,3,Carrier,403,453589,0.088846952
503,US,3,Weather,80,453589,0.017637112
504,US,3,NAS,107,453589,0.023589637
505,US,4,Carrier,335,453589,0.073855407
506,US,4,Weather,26,453589,0.005732061
507,US,4,NAS,54,453589,0.011905051
508,US,5,Carrier,240,453589,0.052911336
509,US,5,Weather,8,453589,0.001763711
510,US,5,NAS,107,453589,0.023589637
511,US,6,Carrier,412,453589,0.090831127
512,US,6,Weather,44,453589,0.009700412
513,US,6,NAS,264,453589,0.05820247
514,US,7,Carrier,441,453589,0.09722458
515,US,7,Weather,74,453589,0.016314329
516,US,7,NAS,168,453589,0.037037935
517,US,8,Carrier,323,453589,0.07120984
518,US,8,Weather,144,453589,0.031746802
519,US,8,NAS,205,453589,0.0451951
520,US,9,Carrier,204,453589,0.044974636
521,US,9,Weather,120,453589,0.026455668
522,US,9,NAS,100,453589,0.02204639
523,US,10,Carrier,197,453589,0.043431388
524,US,10,Weather,10,453589,0.002204639
525,US,10,NAS,50,453589,0.011023195
526,US,11,Carrier,236,453589,0.05202948
527,US,11,Weather,11,453589,0.002425103
528,US,11,NAS,72,453589,0.015873401
529,US,12,Carrier,383,453589,0.084437674
530,US,12,Weather,248,453589,0.054675047
531,US,12,NAS,131,453589,0.028880771
532,WN,1,Carrier,723,1201754,0.060162063
533,WN,1,Weather,312,1201754,0.025962052
534,WN,1,NAS,103,1201754,0.008570806
535,WN,2,Carrier,663,1201754,0.055169361
536,WN,2,Weather,1037,1201754,0.086290539
537,WN,2,NAS,97,1201754,0.008071535
538,WN,3,Carrier,511,1201754,0.042521182
539,WN,3,Weather,345,1201754,0.028708038
540,WN,3,NAS,35,1201754,0.00291241
541,WN,4,Carrier,533,1201754,0.044351839
542,WN,4,NAS,21,1201754,0.001747446
543,WN,5,Carrier,331,1201754,0.027543075
544,WN,5,Weather,16,1201754,0.001331387
545,WN,5,NAS,28,1201754,0.002329928
546,WN,6,Carrier,277,1201754,0.023049642
547,WN,6,Weather,12,1201754,0.00099854
548,WN,6,NAS,37,1201754,0.003078833
549,WN,7,Carrier,487,1201754,0.040524101
550,WN,7,Weather,104,1201754,0.008654017
551,WN,7,NAS,72,1201754,0.005991243
552,WN,8,Carrier,317,1201754,0.026378111
553,WN,8,Weather,253,1201754,0.021052562
554,WN,8,NAS,15,1201754,0.001248176
555,WN,9,Carrier,460,1201754,0.038277385
556,WN,9,Weather,1780,1201754,0.148116836
557,WN,9,NAS,46,1201754,0.003827738
558,WN,10,Carrier,512,1201754,0.042604393
559,WN,10,Weather,52,1201754,0.004327009
560,WN,10,NAS,56,1201754,0.004659856
561,WN,11,Carrier,709,1201754,0.058997099
562,WN,11,Weather,50,1201754,0.004160585
563,WN,11,NAS,100,1201754,0.008321171
564,WN,11,Security,2,1201754,0.000166423
565,WN,12,Carrier,1031,1201754,0.085791268
566,WN,12,Weather,1206,1201754,0.100353317
567,WN,12,NAS,56,1201754,0.004659856
568,XE,1,Carrier,77,374510,0.020560199
569,XE,1,Weather,287,374510,0.076633468
570,XE,1,NAS,239,374510,0.063816721
571,XE,2,Carrier,73,374510,0.019492136
572,XE,2,Weather,882,374510,0.23550773
573,XE,2,NAS,430,374510,0.114816694
574,XE,3,Carrier,238,374510,0.063549705
575,XE,3,Weather,1041,374510,0.277963205
576,XE,3,NAS,354,374510,0.094523511
577,XE,4,Carrier,30,374510,0.008010467
578,XE,4,Weather,61,374510,0.01628795
579,XE,4,NAS,213,374510,0.056874316
580,XE,5,Carrier,30,374510,0.008010467
581,XE,5,Weather,73,374510,0.019492136
582,XE,5,NAS,322,374510,0.085979013
583,XE,6,Carrier,63,374510,0.016821981
584,XE,6,Weather,330,374510,0.088115137
585,XE,6,NAS,583,374510,0.155670076
586,XE,7,Carrier,40,374510,0.010680623
587,XE,7,Weather,85,374510,0.022696323
588,XE,7,NAS,367,374510,0.097994713
589,XE,8,Carrier,105,374510,0.028036635
590,XE,8,Weather,429,374510,0.114549678
591,XE,8,NAS,617,374510,0.164748605
592,XE,9,Carrier,18,374510,0.00480628
593,XE,9,Weather,1220,374510,0.325758992
594,XE,9,NAS,131,374510,0.034979039
595,XE,10,Carrier,2,374510,0.000534031
596,XE,10,Weather,73,374510,0.019492136
597,XE,10,NAS,64,374510,0.017088996
598,XE,11,Carrier,6,374510,0.001602093
599,XE,11,Weather,8,374510,0.002136125
600,XE,11,NAS,208,374510,0.055539238
601,XE,12,Carrier,15,374510,0.004005234
602,XE,12,Weather,935,374510,0.249659555
603,XE,12,NAS,343,374510,0.091586339
604,YV,1,Carrier,787,254930,0.308712196
605,YV,1,Weather,368,254930,0.144353352
606,YV,1,NAS,285,254930,0.111795395
607,YV,2,Carrier,1352,254930,0.530341662
608,YV,2,Weather,406,254930,0.159259405
609,YV,2,NAS,429,254930,0.168281489
610,YV,3,Carrier,353,254930,0.138469384
611,YV,3,Weather,132,254930,0.05177892
612,YV,3,NAS,237,254930,0.092966697
613,YV,4,Carrier,454,254930,0.178088103
614,YV,4,Weather,106,254930,0.041580042
615,YV,4,NAS,241,254930,0.094535755
616,YV,5,Carrier,298,254930,0.116894834
617,YV,5,Weather,48,254930,0.018828698
618,YV,5,NAS,153,254930,0.060016475
619,YV,6,Carrier,459,254930,0.180049425
620,YV,6,Weather,94,254930,0.036872867
621,YV,6,NAS,402,254930,0.157690346
622,YV,7,Carrier,302,254930,0.118463892
623,YV,7,Weather,25,254930,0.009806614
624,YV,7,NAS,194,254930,0.076099321
625,YV,8,Carrier,289,254930,0.113364453
626,YV,8,Weather,22,254930,0.00862982
627,YV,8,NAS,128,254930,0.050209862
628,YV,9,Carrier,157,254930,0.061585533
629,YV,9,Weather,54,254930,0.021182285
630,YV,9,NAS,99,254930,0.03883419
631,YV,10,Carrier,177,254930,0.069430824
632,YV,10,Weather,40,254930,0.015690582
633,YV,10,NAS,13,254930,0.005099439
634,YV,11,Carrier,151,254930,0.059231946
635,YV,11,Weather,70,254930,0.027458518
636,YV,11,NAS,35,254930,0.013729259
637,YV,12,Carrier,241,254930,0.094535755
638,YV,12,Weather,401,254930,0.157298082
639,YV,12,NAS,217,254930,0.085121406
